"source","term_name","term_id","highlighted","adjusted_p_value","negative_log10_of_adjusted_p_value","term_size","query_size","intersection_size","effective_domain_size","intersections"
"GO:BP","regulation of viral process","GO:0050792","false","1.5176442682063465e-10","9.818830013987249","154","368","23","16307","ZNFX1,ADAR,EIF2AK2,TRIM38,IFIH1,STAT1,APOBEC3C,APOBEC3A,OAS1,PLSCR1,TRIM5,IFIT5,TRIM22,LY6E,APOBEC3G,APOBEC3F,CXCL8,TRIM21,AXL,OAS3,SP100,BST2,TRIM25"
"GO:BP","regulation of viral life cycle","GO:1903900","false","5.565983259594277e-10","9.254458104196148","135","368","21","16307","ZNFX1,ADAR,EIF2AK2,TRIM38,IFIH1,APOBEC3C,APOBEC3A,OAS1,PLSCR1,TRIM5,IFIT5,TRIM22,LY6E,APOBEC3G,APOBEC3F,CXCL8,TRIM21,AXL,OAS3,BST2,TRIM25"
"GO:BP","negative regulation of viral process","GO:0048525","false","1.1800135544300196e-9","8.928113004066455","86","368","17","16307","ZNFX1,EIF2AK2,IFIH1,STAT1,APOBEC3C,APOBEC3A,OAS1,PLSCR1,TRIM5,IFIT5,LY6E,APOBEC3G,APOBEC3F,TRIM21,OAS3,SP100,BST2"
"GO:BP","negative regulation of viral genome replication","GO:0045071","false","2.5488660550351185e-7","6.593652986456029","55","368","12","16307","ZNFX1,EIF2AK2,IFIH1,APOBEC3C,APOBEC3A,OAS1,PLSCR1,IFIT5,APOBEC3G,APOBEC3F,OAS3,BST2"
"GO:BP","regulation of viral genome replication","GO:0045069","false","3.4851327864393035e-7","6.457780670272072","82","368","14","16307","ZNFX1,ADAR,EIF2AK2,IFIH1,APOBEC3C,APOBEC3A,OAS1,PLSCR1,IFIT5,APOBEC3G,APOBEC3F,CXCL8,OAS3,BST2"
"GO:BP","response to type II interferon","GO:0034341","false","6.800859967600695e-7","6.167436167357085","101","368","15","16307","CCL26,PARP9,GBP1,STAT1,PARP14,MEFV,GBP4,CASP1,IRF1,GBP5,GBP2,TRIM21,CCL7,SP100,BST2"
"GO:BP","regulation of defense response to virus","GO:0050688","false","0.000013754642203692825","4.861550702328669","65","368","11","16307","PARP9,STAT1,LILRA4,PTPN22,DTX3L,APOBEC3G,HERC5,APOBEC3F,IFNLR1,DHX58,PML"
"GO:BP","cellular response to type II interferon","GO:0071346","false","0.000014968020320634889","4.824835635907992","80","368","12","16307","CCL26,PARP9,GBP1,STAT1,PARP14,GBP4,CASP1,IRF1,GBP5,GBP2,CCL7,SP100"
"GO:BP","pattern recognition receptor signaling pathway","GO:0002221","false","0.000017489890260585864","4.757212915471096","168","368","17","16307","CD36,IFIH1,OAS1,DDX60,MEFV,IFI35,CASP1,FFAR2,IRF1,LILRA4,PTPN22,MYD88,DHX58,NOD2,TREM2,OAS3,CLEC4E"
"GO:BP","regulation of response to cytokine stimulus","GO:0060759","false","0.00002310525698514158","4.636289196735917","134","368","15","16307","PARP9,IFIH1,LAPTM5,PARP14,OAS1,CASP1,STAT2,CARD16,PADI2,SAMHD1,H2BC11,TREM2,AXL,OAS3,TRIM56"
"GO:BP","positive regulation of I-kappaB kinase/NF-kappaB signaling","GO:0043123","false","0.000027005313524447072","4.5685507763110635","174","368","17","16307","TRIM38,TNFSF10,PLK2,CASP1,TRIM5,CARD16,IFIT5,TRIM22,SHISA5,SECTM1,ECM1,TRIM21,MYD88,NOD2,RHOC,BST2,TRIM25"
"GO:BP","viral genome replication","GO:0019079","false","0.000029562765955490348","4.5292549348574","119","368","14","16307","ZNFX1,ADAR,EIF2AK2,IFIH1,APOBEC3C,APOBEC3A,OAS1,PLSCR1,IFIT5,APOBEC3G,APOBEC3F,CXCL8,OAS3,BST2"
"GO:BP","regulation of cytokine-mediated signaling pathway","GO:0001959","false","0.00004277795559989318","4.368779974624261","123","368","14","16307","PARP9,LAPTM5,PARP14,OAS1,CASP1,STAT2,CARD16,PADI2,SAMHD1,H2BC11,TREM2,AXL,OAS3,TRIM56"
"GO:BP","interferon-mediated signaling pathway","GO:0140888","false","0.000047930511140601806","4.319387939579896","90","368","12","16307","PARP9,STAT1,PARP14,OAS1,STAT2,IRF1,IFNLR1,MYD88,SAMHD1,OAS3,TRIM56,SP100"
"GO:BP","innate immune response-activating signaling pathway","GO:0002758","false","0.00005731286157137884","4.241747907130561","185","368","17","16307","CD36,IFIH1,OAS1,DDX60,MEFV,IFI35,CASP1,FFAR2,IRF1,LILRA4,PTPN22,MYD88,DHX58,NOD2,TREM2,OAS3,CLEC4E"
"GO:BP","regulation of defense response to virus by host","GO:0050691","false","0.00007293131440970645","4.137085959263843","37","368","8","16307","PARP9,STAT1,PTPN22,DTX3L,APOBEC3G,APOBEC3F,IFNLR1,PML"
"GO:BP","regulation of NLRP3 inflammasome complex assembly","GO:1900225","false","0.0000960783038876409","4.01737467232809","18","368","6","16307","CD36,EIF2AK2,MEFV,GBP5,MYD88,TREM2"
"GO:BP","NLRP3 inflammasome complex assembly","GO:0044546","false","0.00013196030912637847","3.879556675759892","19","368","6","16307","CD36,EIF2AK2,MEFV,GBP5,MYD88,TREM2"
"GO:BP","DNA damage response, signal transduction by p53 class mediator","GO:0030330","false","0.00013391002287851118","3.8731869157592813","68","368","10","16307","MDM2,TRIAP1,CDKN1A,ACER2,PLK2,RPS27L,PML,PMAIP1,SP100,HIPK2"
"GO:BP","positive regulation of defense response to virus by host","GO:0002230","false","0.00013790350838400702","3.8604246848579957","29","368","7","16307","PARP9,STAT1,PTPN22,DTX3L,APOBEC3G,APOBEC3F,PML"
"GO:BP","positive regulation of type I interferon production","GO:0032481","false","0.00020981556852945","3.678162289852773","57","368","9","16307","IFIH1,STAT1,OAS1,IRF1,PTPN22,MYD88,DHX58,OAS3,TRIM56"
"GO:BP","type I interferon production","GO:0032606","false","0.00021786305447902594","3.661816411774396","89","368","11","16307","IFIH1,STAT1,OAS1,IRF1,LILRA4,PTPN22,TRIM21,MYD88,DHX58,OAS3,TRIM56"
"GO:BP","regulation of type I interferon production","GO:0032479","false","0.00021786305447902594","3.661816411774396","89","368","11","16307","IFIH1,STAT1,OAS1,IRF1,LILRA4,PTPN22,TRIM21,MYD88,DHX58,OAS3,TRIM56"
"GO:BP","inflammasome complex assembly","GO:0140632","false","0.0002213908723077533","3.654840288552562","21","368","6","16307","CD36,EIF2AK2,MEFV,GBP5,MYD88,TREM2"
"GO:BP","myeloid leukocyte migration","GO:0097529","false","0.00024691568023828785","3.6074513295709787","188","368","16","16307","CCL26,PIK3CG,S100A8,DUSP1,PDE4B,CXCR1,CXCL8,CXCL12,PTK2B,PGF,C5AR2,TREM2,CCL7,BST1,ANXA1,CSF1R"
"GO:BP","regulation of leukocyte migration","GO:0002685","false","0.0004024338307721497","3.395305517266047","174","368","15","16307","CHST2,DUSP1,PADI2,CXCL8,CXCL12,PTK2B,PGF,DOCK8,C5AR2,TREM2,CCL7,BST1,ANXA1,GCSAM,CSF1R"
"GO:BP","negative regulation of cytokine-mediated signaling pathway","GO:0001960","false","0.00045560470583288305","3.3414117988451335","63","368","9","16307","PARP14,OAS1,STAT2,CARD16,PADI2,SAMHD1,H2BC11,TREM2,OAS3"
"GO:BP","leukocyte homeostasis","GO:0001776","true","0.0005160662522588533","3.2872945403428946","36","368","7","16307","FAS,GAPT,HCAR2,PDE4B,ANXA1,PMAIP1,XKR8"
"GO:BP","negative regulation of defense response","GO:0031348","false","0.0006140206231718912","3.2118170419217997","182","368","15","16307","SYT11,PARP14,SIGLEC10,OAS1,MEFV,PLK2,CEACAM1,STAT2,LILRA4,PTPN22,TRIM21,DHX58,SAMHD1,TREM2,OAS3"
"GO:BP","positive regulation of response to cytokine stimulus","GO:0060760","false","0.0006206928660130221","3.2071232461869945","51","368","8","16307","PARP9,IFIH1,LAPTM5,PARP14,CASP1,TREM2,AXL,TRIM56"
"GO:BP","negative regulation of response to cytokine stimulus","GO:0060761","false","0.0006667320390800621","3.176048674825913","67","368","9","16307","PARP14,OAS1,STAT2,CARD16,PADI2,SAMHD1,H2BC11,TREM2,OAS3"
"GO:BP","negative regulation of response to biotic stimulus","GO:0002832","false","0.0007347248874889153","3.1338752489591584","103","368","11","16307","PARP14,OAS1,CEACAM1,STAT2,CARD16,LILRA4,PTPN22,TRIM21,DHX58,SAMHD1,OAS3"
"GO:BP","mitotic G1 DNA damage checkpoint signaling","GO:0031571","false","0.0008695424003349778","3.0607092362230284","27","368","6","16307","MDM2,TRIAP1,CDKN1A,PLK2,RPS27L,PML"
"GO:BP","regulation of chemokine production","GO:0032642","false","0.0009001470433520892","3.045686540671564","70","368","9","16307","EIF2AK2,OAS1,MEFV,FFAR2,ALOX15B,TREM2,OAS3,IL17RA,CSF1R"
"GO:BP","chemokine production","GO:0032602","false","0.0009001470433520892","3.045686540671564","70","368","9","16307","EIF2AK2,OAS1,MEFV,FFAR2,ALOX15B,TREM2,OAS3,IL17RA,CSF1R"
"GO:BP","base conversion or substitution editing","GO:0016553","true","0.0009472794723167564","3.0235218738171086","17","368","5","16307","ADAR,APOBEC3C,APOBEC3A,APOBEC3G,APOBEC3F"
"GO:BP","neutrophil homeostasis","GO:0001780","false","0.0009739234890326149","3.0114751597498297","9","368","4","16307","HCAR2,PDE4B,ANXA1,XKR8"
"GO:BP","DNA cytosine deamination","GO:0070383","true","0.0009739234890326149","3.0114751597498297","9","368","4","16307","APOBEC3C,APOBEC3A,APOBEC3G,APOBEC3F"
"GO:BP","mitotic G1/S transition checkpoint signaling","GO:0044819","false","0.0010265729631911578","2.9886101779200938","28","368","6","16307","MDM2,TRIAP1,CDKN1A,PLK2,RPS27L,PML"
"GO:BP","regulation of cysteine-type endopeptidase activity","GO:2000116","false","0.0012014896584945918","2.9202799629192255","195","368","15","16307","TNFSF10,LAPTM5,FAS,TRIAP1,ACER2,ATP2A3,MEFV,CYFIP2,RPS27L,CASP1,CARD16,S100A8,GPX1,PLAUR,PMAIP1"
"GO:BP","regulation of single stranded viral RNA replication via double stranded DNA intermediate","GO:0045091","false","0.0012089338996763368","2.9175974442100343","18","368","5","16307","APOBEC3C,APOBEC3A,APOBEC3G,APOBEC3F,CXCL8"
"GO:BP","granulocyte chemotaxis","GO:0071621","false","0.0012089338996763368","2.9175974442100343","110","368","11","16307","CCL26,PIK3CG,S100A8,PDE4B,CXCR1,CXCL8,C5AR2,CCL7,BST1,ANXA1,CSF1R"
"GO:BP","DNA damage response, signal transduction by p53 class mediator resulting in cell cycle arrest","GO:0006977","false","0.0012089338996763368","2.9175974442100343","18","368","5","16307","MDM2,TRIAP1,CDKN1A,PLK2,PML"
"GO:BP","interleukin-1 production","GO:0032612","false","0.0013069886683619166","2.8837281777516854","92","368","10","16307","CD36,MEFV,CASP1,CEACAM1,CARD16,GBP5,LILRA5,MYD88,NOD2,ANXA1"
"GO:BP","regulation of interleukin-1 production","GO:0032652","false","0.0013069886683619166","2.8837281777516854","92","368","10","16307","CD36,MEFV,CASP1,CEACAM1,CARD16,GBP5,LILRA5,MYD88,NOD2,ANXA1"
"GO:BP","cytidine to uridine editing","GO:0016554","false","0.0014503131862396365","2.8385382044072207","10","368","4","16307","APOBEC3C,APOBEC3A,APOBEC3G,APOBEC3F"
"GO:BP","intrinsic apoptotic signaling pathway by p53 class mediator","GO:0072332","false","0.0014970429508761442","2.8247657393624164","59","368","8","16307","MDM2,TRIAP1,PHLDA3,RPS27L,AEN,PML,PMAIP1,HIPK2"
"GO:BP","response to interferon-alpha","GO:0035455","false","0.0014970429508761442","2.8247657393624164","19","368","5","16307","ADAR,EIF2AK2,OAS1,AXL,BST2"
"GO:BP","negative regulation of immune response","GO:0050777","false","0.0014970429508761442","2.8247657393624164","134","368","12","16307","ALOX15,PARP14,OAS1,PLK2,CEACAM1,STAT2,TRIM21,DHX58,SAMHD1,TREM2,OAS3,ANXA1"
"GO:BP","single stranded viral RNA replication via double stranded DNA intermediate","GO:0039692","false","0.0014970429508761442","2.8247657393624164","19","368","5","16307","APOBEC3C,APOBEC3A,APOBEC3G,APOBEC3F,CXCL8"
"GO:BP","cellular response to chemokine","GO:1990869","false","0.0014970429508761442","2.8247657393624164","76","368","9","16307","CCL26,DUSP1,PADI2,CXCL8,CXCL12,PTK2B,DOCK8,TREM2,CCL7"
"GO:BP","response to chemokine","GO:1990868","false","0.0014970429508761442","2.8247657393624164","76","368","9","16307","CCL26,DUSP1,PADI2,CXCL8,CXCL12,PTK2B,DOCK8,TREM2,CCL7"
"GO:BP","positive regulation of cytokine-mediated signaling pathway","GO:0001961","false","0.0015059138624255784","2.8221998688678056","44","368","7","16307","PARP9,LAPTM5,PARP14,CASP1,TREM2,AXL,TRIM56"
"GO:BP","cellular response to lipopolysaccharide","GO:0071222","false","0.0015906834022956144","2.798416250471734","135","368","12","16307","CD36,CASP1,TRIM5,CARD16,PTPN22,PDE4B,CD80,CXCL8,MYD88,NOD2,AXL,CHMP5"
"GO:BP","response to macrophage colony-stimulating factor","GO:0036005","false","0.0020653105116173183","2.6850146445673357","11","368","4","16307","PDE2A,PDE1B,TREM2,CSF1R"
"GO:BP","cellular response to macrophage colony-stimulating factor stimulus","GO:0036006","false","0.0020653105116173183","2.6850146445673357","11","368","4","16307","PDE2A,PDE1B,TREM2,CSF1R"
"GO:BP","MDA-5 signaling pathway","GO:0039530","false","0.0020653105116173183","2.6850146445673357","11","368","4","16307","IFIH1,DDX60,DHX58,OAS3"
"GO:BP","intrinsic apoptotic signaling pathway in response to DNA damage","GO:0008630","false","0.002137644752692755","2.670064466930941","80","368","9","16307","TRIAP1,PHLDA3,RPS27L,AEN,BCL2L11,CXCL12,EPHA2,PML,HIPK2"
"GO:BP","regulation of cysteine-type endopeptidase activity involved in apoptotic process","GO:0043281","false","0.0021833985425274423","2.660866983932338","162","368","13","16307","TNFSF10,LAPTM5,FAS,TRIAP1,ACER2,ATP2A3,RPS27L,CASP1,CARD16,S100A8,GPX1,PLAUR,PMAIP1"
"GO:BP","negative regulation of innate immune response","GO:0045824","false","0.002220132728911695","2.653621060814758","63","368","8","16307","PARP14,OAS1,CEACAM1,STAT2,TRIM21,DHX58,SAMHD1,OAS3"
"GO:BP","intrinsic apoptotic signaling pathway in response to DNA damage by p53 class mediator","GO:0042771","false","0.0026981210082337287","2.5689385765211665","34","368","6","16307","TRIAP1,PHLDA3,RPS27L,AEN,PML,HIPK2"
"GO:BP","signal transduction in response to DNA damage","GO:0042770","false","0.0027510085407525245","2.5605080613020887","166","368","13","16307","MDM2,PARP9,TRIAP1,CDKN1A,ACER2,PLK2,RPS27L,BRCA2,DTX3L,PML,PMAIP1,SP100,HIPK2"
"GO:BP","cellular response to molecule of bacterial origin","GO:0071219","false","0.0027866174176241153","2.5549226526788837","144","368","12","16307","CD36,CASP1,TRIM5,CARD16,PTPN22,PDE4B,CD80,CXCL8,MYD88,NOD2,AXL,CHMP5"
"GO:BP","signal transduction by p53 class mediator","GO:0072331","false","0.003125946820409019","2.505018414608376","146","368","12","16307","MDM2,TRIAP1,CDKN1A,PHLDA3,ACER2,PLK2,RPS27L,AEN,PML,PMAIP1,SP100,HIPK2"
"GO:BP","regulation of leukocyte chemotaxis","GO:0002688","false","0.003404568153079889","2.467937967636243","105","368","10","16307","DUSP1,PADI2,CXCL8,CXCL12,PTK2B,PGF,C5AR2,CCL7,BST1,CSF1R"
"GO:BP","type II interferon-mediated signaling pathway","GO:0060333","false","0.0035382507038714977","2.4512113982633355","23","368","5","16307","PARP9,STAT1,PARP14,IRF1,SP100"
"GO:BP","cytosolic pattern recognition receptor signaling pathway","GO:0002753","false","0.0035382507038714977","2.4512113982633355","86","368","9","16307","IFIH1,OAS1,DDX60,LILRA4,PTPN22,MYD88,DHX58,NOD2,OAS3"
"GO:BP","positive regulation of NF-kappaB transcription factor activity","GO:0051092","false","0.0037093104385725016","2.430706818297942","149","368","12","16307","CD36,EIF2AK2,TRIM38,TRIM5,CARD16,TRIM22,S100A8,TRIM21,MYD88,NOD2,TRAF1,TRIM25"
"GO:BP","DNA deamination","GO:0045006","false","0.00394184128208327","2.4043008665363153","13","368","4","16307","APOBEC3C,APOBEC3A,APOBEC3G,APOBEC3F"
"GO:BP","type I interferon-mediated signaling pathway","GO:0060337","false","0.003946810141831658","2.403753764493267","69","368","8","16307","STAT1,OAS1,STAT2,MYD88,SAMHD1,OAS3,TRIM56,SP100"
"GO:BP","modulation by symbiont of entry into host","GO:0052372","false","0.003946810141831658","2.403753764493267","52","368","7","16307","TRIM38,TRIM5,TRIM22,LY6E,CXCL8,TRIM21,TRIM25"
"GO:BP","granulocyte migration","GO:0097530","false","0.004042648784749492","2.393333987449609","129","368","11","16307","CCL26,PIK3CG,S100A8,PDE4B,CXCR1,CXCL8,C5AR2,CCL7,BST1,ANXA1,CSF1R"
"GO:BP","positive regulation of cysteine-type endopeptidase activity","GO:2001056","false","0.004042648784749492","2.393333987449609","129","368","11","16307","TNFSF10,LAPTM5,FAS,ACER2,ATP2A3,MEFV,CYFIP2,RPS27L,CASP1,S100A8,PMAIP1"
"GO:BP","positive regulation of endopeptidase activity","GO:0010950","false","0.004042648784749492","2.393333987449609","151","368","12","16307","TNFSF10,LAPTM5,FAS,VSIR,ACER2,ATP2A3,MEFV,CYFIP2,RPS27L,CASP1,S100A8,PMAIP1"
"GO:BP","positive regulation of interferon-beta production","GO:0032728","false","0.004042648784749492","2.393333987449609","37","368","6","16307","IFIH1,OAS1,IRF1,DHX58,OAS3,TRIM56"
"GO:BP","cellular response to type I interferon","GO:0071357","false","0.004249422370905916","2.371670100109054","70","368","8","16307","STAT1,OAS1,STAT2,MYD88,SAMHD1,OAS3,TRIM56,SP100"
"GO:BP","entry into host","GO:0044409","false","0.004320210008365141","2.364495141319968","89","368","9","16307","TRIM38,TRIM5,TRIM22,LY6E,CXCL8,TRIM21,CTSL,AXL,TRIM25"
"GO:BP","positive regulation of chemokine production","GO:0032722","false","0.0047702716238855174","2.3214568911074633","54","368","7","16307","EIF2AK2,OAS1,FFAR2,ALOX15B,OAS3,IL17RA,CSF1R"
"GO:BP","neutrophil chemotaxis","GO:0030593","false","0.004990235646249633","2.301878945869688","91","368","9","16307","CCL26,PIK3CG,S100A8,PDE4B,CXCR1,CXCL8,C5AR2,CCL7,BST1"
"GO:BP","response to lipopolysaccharide","GO:0032496","false","0.005084836439652688","2.293723012160848","179","368","13","16307","CD36,CASP1,TRIM5,CARD16,S100A8,PTPN22,PDE4B,CD80,CXCL8,MYD88,NOD2,AXL,CHMP5"
"GO:BP","regulation of chemotaxis","GO:0050920","false","0.005318013277068572","2.2742505827339707","180","368","13","16307","CCL26,DUSP1,PADI2,CXCL8,CXCL12,PTK2B,PGF,C5AR2,TREM2,SEMA4B,CCL7,BST1,CSF1R"
"GO:BP","movement in host","GO:0044000","false","0.0055108193894677126","2.2587838222249177","113","368","10","16307","TRIM38,TRIM5,TRIM22,LY6E,CXCL8,TRIM21,CTSL,AXL,CHMP5,TRIM25"
"GO:BP","regulation of biological process involved in symbiotic interaction","GO:0043903","false","0.006363654405232117","2.1962934138739953","57","368","7","16307","TRIM38,TRIM5,TRIM22,LY6E,CXCL8,TRIM21,TRIM25"
"GO:BP","positive regulation of interleukin-1 beta production","GO:0032731","false","0.006363654405232117","2.1962934138739953","57","368","7","16307","CD36,MEFV,CASP1,GBP5,LILRA5,MYD88,NOD2"
"GO:BP","negative regulation of single stranded viral RNA replication via double stranded DNA intermediate","GO:0045869","false","0.006392203985379129","2.19434937444641","15","368","4","16307","APOBEC3C,APOBEC3A,APOBEC3G,APOBEC3F"
"GO:BP","inflammatory cell apoptotic process","GO:0006925","false","0.006392203985379129","2.19434937444641","15","368","4","16307","HCAR2,CTSL,NOD2,ANXA1"
"GO:BP","apoptotic cell clearance","GO:0043277","false","0.006506116611463773","2.1866781569684925","41","368","6","16307","TGM2,ALOX15,C3,TREM2,ANXA1,XKR8"
"GO:BP","positive regulation of peptidase activity","GO:0010952","false","0.006593455362528199","2.180886929625003","161","368","12","16307","TNFSF10,LAPTM5,FAS,VSIR,ACER2,ATP2A3,MEFV,CYFIP2,RPS27L,CASP1,S100A8,PMAIP1"
"GO:BP","regulation of transposition","GO:0010528","false","0.0066665920196074474","2.1760961219037926","27","368","5","16307","APOBEC3C,APOBEC3A,APOBEC3G,APOBEC3F,MOV10"
"GO:BP","negative regulation of transposition","GO:0010529","false","0.0066665920196074474","2.1760961219037926","27","368","5","16307","APOBEC3C,APOBEC3A,APOBEC3G,APOBEC3F,MOV10"
"GO:BP","response to type I interferon","GO:0034340","false","0.006706140492441707","2.173527352420314","76","368","8","16307","STAT1,OAS1,STAT2,MYD88,SAMHD1,OAS3,TRIM56,SP100"
"GO:BP","production of molecular mediator involved in inflammatory response","GO:0002532","false","0.006786395004383169","2.1683608657001363","58","368","7","16307","CD36,MEFV,GBP5,MYD88,NOD2,TREM2,IL17RA"
"GO:BP","cellular response to tumor necrosis factor","GO:0071356","false","0.006786395004383169","2.1683608657001363","162","368","12","16307","CCL26,GBP1,LAPTM5,STAT1,CASP1,CARD16,GBP2,CXCL8,PTK2B,H2BC11,TRAF1,CCL7"
"GO:BP","regulation of release of cytochrome c from mitochondria","GO:0090199","false","0.007174582273297291","2.144203379845976","42","368","6","16307","TNFSF10,TRIAP1,BCL2L11,GPX1,PLAUR,PMAIP1"
"GO:BP","regulation of cell shape","GO:0008360","false","0.007259876637367956","2.1390707589370352","118","368","10","16307","PLXNA2,STRIP2,ARAP3,PTK2B,CDC42EP4,FGD4,CCL7,ANXA1,RHOC,CSF1R"
"GO:BP","cellular response to biotic stimulus","GO:0071216","false","0.007455559162644122","2.127519779153425","164","368","12","16307","CD36,CASP1,TRIM5,CARD16,PTPN22,PDE4B,CD80,CXCL8,MYD88,NOD2,AXL,CHMP5"
"GO:BP","defense response to protozoan","GO:0042832","false","0.007674254720788506","2.1149637899699982","16","368","4","16307","BATF2,GBP4,GBP2,MYD88"
"GO:BP","positive regulation of fibroblast apoptotic process","GO:2000271","true","0.007674254720788506","2.1149637899699982","7","368","3","16307","BTG1,BCL2L11,STK17A"
"GO:BP","autophagic cell death","GO:0048102","false","0.007674254720788506","2.1149637899699982","7","368","3","16307","LAPTM5,TP53INP1,TREM2"
"GO:BP","negative regulation of p38MAPK cascade","GO:1903753","true","0.007674254720788506","2.1149637899699982","7","368","3","16307","DUSP1,PTPN22,TREM2"
"GO:BP","response to protozoan","GO:0001562","false","0.007674254720788506","2.1149637899699982","16","368","4","16307","BATF2,GBP4,GBP2,MYD88"
"GO:BP","negative regulation of type I interferon-mediated signaling pathway","GO:0060339","false","0.007674254720788506","2.1149637899699982","16","368","4","16307","OAS1,STAT2,SAMHD1,OAS3"
"GO:BP","amine catabolic process","GO:0009310","true","0.007674254720788506","2.1149637899699982","16","368","4","16307","ALDH7A1,ATP2B4,MAOA,SLC44A1"
"GO:BP","response to interferon-beta","GO:0035456","false","0.00851437329036272","2.069847313239126","29","368","5","16307","STAT1,OAS1,PLSCR1,IRF1,BST2"
"GO:BP","regulation of cytokine production involved in inflammatory response","GO:1900015","false","0.00851437329036272","2.069847313239126","44","368","6","16307","MEFV,GBP5,MYD88,NOD2,TREM2,IL17RA"
"GO:BP","cytokine production involved in inflammatory response","GO:0002534","false","0.00851437329036272","2.069847313239126","44","368","6","16307","MEFV,GBP5,MYD88,NOD2,TREM2,IL17RA"
"GO:BP","zymogen activation","GO:0031638","false","0.00851437329036272","2.069847313239126","61","368","7","16307","VSIR,CYFIP2,GGT1,MELTF,PLAUR,CTSL,S100A10"
"GO:BP","viral RNA genome replication","GO:0039694","false","0.00851437329036272","2.069847313239126","29","368","5","16307","APOBEC3C,APOBEC3A,APOBEC3G,APOBEC3F,CXCL8"
"GO:BP","interleukin-1 beta production","GO:0032611","false","0.00929529135779934","2.031736992863423","81","368","8","16307","CD36,MEFV,CASP1,CARD16,GBP5,LILRA5,MYD88,NOD2"
"GO:BP","regulation of interleukin-1 beta production","GO:0032651","false","0.00929529135779934","2.031736992863423","81","368","8","16307","CD36,MEFV,CASP1,CARD16,GBP5,LILRA5,MYD88,NOD2"
"GO:BP","positive regulation of cytokine production involved in inflammatory response","GO:1900017","false","0.009326116792584783","2.03029915010204","17","368","4","16307","GBP5,MYD88,NOD2,IL17RA"
"GO:BP","regulation of viral entry into host cell","GO:0046596","false","0.009402931802171997","2.026736713742347","45","368","6","16307","TRIM38,TRIM5,TRIM22,LY6E,TRIM21,TRIM25"
"GO:BP","negative regulation of leukocyte cell-cell adhesion","GO:1903038","false","0.009460541892614796","2.0240839868294773","102","368","9","16307","LAPTM5,VSIR,CEACAM1,IRF1,PTPN22,CD80,CXCL12,DLG5,ANXA1"
"GO:BP","response to molecule of bacterial origin","GO:0002237","false","0.009460541892614796","2.0240839868294773","195","368","13","16307","CD36,CASP1,TRIM5,CARD16,S100A8,PTPN22,PDE4B,CD80,CXCL8,MYD88,NOD2,AXL,CHMP5"
"GO:BP","transposition","GO:0032196","false","0.009606185928218804","2.017449011823851","30","368","5","16307","APOBEC3C,APOBEC3A,APOBEC3G,APOBEC3F,MOV10"
"GO:BP","mononuclear cell migration","GO:0071674","false","0.009660675462172003","2.0149925072037114","171","368","12","16307","CCL26,PIK3CG,DUSP1,CXCR1,PADI2,CXCL12,PTK2B,DOCK8,CCL7,ANXA1,GCSAM,CSF1R"
"GO:BP","viral entry into host cell","GO:0046718","false","0.009697294753909558","2.0133494036008437","82","368","8","16307","TRIM38,TRIM5,TRIM22,LY6E,TRIM21,CTSL,AXL,TRIM25"
"GO:BP","tumor necrosis factor production","GO:0032640","false","0.010600057250004197","1.974691789141478","126","368","10","16307","SYT11,IFIH1,VSIR,OAS1,LILRA4,PTPN22,LILRA5,NOD2,C5AR2,OAS3"
"GO:BP","regulation of tumor necrosis factor production","GO:0032680","false","0.010600057250004197","1.974691789141478","126","368","10","16307","SYT11,IFIH1,VSIR,OAS1,LILRA4,PTPN22,LILRA5,NOD2,C5AR2,OAS3"
"GO:BP","amyloid-beta clearance by cellular catabolic process","GO:0150094","false","0.010625163131015232","1.9736643933853333","8","368","3","16307","CD36,MME,TREM2"
"GO:BP","positive regulation of interleukin-1 production","GO:0032732","false","0.010625163131015232","1.9736643933853333","64","368","7","16307","CD36,MEFV,CASP1,GBP5,LILRA5,MYD88,NOD2"
"GO:BP","CD8-positive, alpha-beta T cell proliferation","GO:0035740","false","0.010625163131015232","1.9736643933853333","8","368","3","16307","VSIR,IRF1,PTPN22"
"GO:BP","regulation of CD8-positive, alpha-beta T cell proliferation","GO:2000564","true","0.010625163131015232","1.9736643933853333","8","368","3","16307","VSIR,IRF1,PTPN22"
"GO:BP","regulation of type I interferon-mediated signaling pathway","GO:0060338","false","0.012289099690789104","1.9104799327070698","32","368","5","16307","OAS1,STAT2,SAMHD1,OAS3,TRIM56"
"GO:BP","DNA dealkylation","GO:0035510","true","0.012289099690789104","1.9104799327070698","32","368","5","16307","APOBEC3C,APOBEC3A,APOBEC3G,ASCC3,APOBEC3F"
"GO:BP","response to tumor necrosis factor","GO:0034612","false","0.012342425181529086","1.908599496747487","177","368","12","16307","CCL26,GBP1,LAPTM5,STAT1,CASP1,CARD16,GBP2,CXCL8,PTK2B,H2BC11,TRAF1,CCL7"
"GO:BP","neutrophil migration","GO:1990266","false","0.013228592830818387","1.8784863506963436","108","368","9","16307","CCL26,PIK3CG,S100A8,PDE4B,CXCR1,CXCL8,C5AR2,CCL7,BST1"
"GO:BP","negative regulation of T cell receptor signaling pathway","GO:0050860","false","0.013228592830818387","1.8784863506963436","19","368","4","16307","GBP1,LAPTM5,CEACAM1,PTPN22"
"GO:BP","regulation of interferon-beta production","GO:0032648","false","0.013426193539884806","1.872047096708809","49","368","6","16307","IFIH1,OAS1,IRF1,DHX58,OAS3,TRIM56"
"GO:BP","regulation of tumor necrosis factor superfamily cytokine production","GO:1903555","false","0.013426193539884806","1.872047096708809","131","368","10","16307","SYT11,IFIH1,VSIR,OAS1,LILRA4,PTPN22,LILRA5,NOD2,C5AR2,OAS3"
"GO:BP","tumor necrosis factor superfamily cytokine production","GO:0071706","false","0.013426193539884806","1.872047096708809","131","368","10","16307","SYT11,IFIH1,VSIR,OAS1,LILRA4,PTPN22,LILRA5,NOD2,C5AR2,OAS3"
"GO:BP","interferon-beta production","GO:0032608","false","0.013426193539884806","1.872047096708809","49","368","6","16307","IFIH1,OAS1,IRF1,DHX58,OAS3,TRIM56"
"GO:BP","positive regulation of autophagy","GO:0010508","false","0.01412836814173919","1.8499079972430883","132","368","10","16307","TRIM38,LRRK2,SESN1,MEFV,PLK2,TP53INP1,TRIM5,TRIM22,TRIM21,PIP4K2C"
"GO:BP","chemokine-mediated signaling pathway","GO:0070098","false","0.014212198975651616","1.8473387208687064","68","368","7","16307","CCL26,PADI2,CXCL8,CXCL12,PTK2B,TREM2,CCL7"
"GO:BP","lipid storage","GO:0019915","true","0.014212198975651616","1.8473387208687064","68","368","7","16307","CD36,ABCA1,C3,FFAR2,MSR1,TREM2,LDAF1"
"GO:BP","regulation of fibroblast apoptotic process","GO:2000269","false","0.014440273306164639","1.8404245869439482","9","368","3","16307","BTG1,BCL2L11,STK17A"
"GO:BP","positive regulation of cysteine-type endopeptidase activity involved in apoptotic process","GO:0043280","false","0.014440273306164639","1.8404245869439482","110","368","9","16307","TNFSF10,LAPTM5,FAS,ACER2,ATP2A3,RPS27L,CASP1,S100A8,PMAIP1"
"GO:BP","lipoxygenase pathway","GO:0019372","true","0.014440273306164639","1.8404245869439482","9","368","3","16307","ALOX15,GPX1,ALOX15B"
"GO:BP","cellular response to muramyl dipeptide","GO:0071225","true","0.014440273306164639","1.8404245869439482","9","368","3","16307","PTPN22,NOD2,CHMP5"
"GO:BP","mammary gland morphogenesis","GO:0060443","false","0.014440273306164639","1.8404245869439482","9","368","3","16307","EPHA2,PML,CSF1R"
"GO:BP","DNA damage checkpoint signaling","GO:0000077","false","0.015257978408805698","1.8165030039997756","111","368","9","16307","MDM2,PARP9,TRIAP1,CDKN1A,PLK2,RPS27L,BRCA2,DTX3L,PML"
"GO:BP","myeloid cell apoptotic process","GO:0033028","false","0.015325246879580975","1.814592520556621","20","368","4","16307","HCAR2,CTSL,NOD2,ANXA1"
"GO:BP","release of cytochrome c from mitochondria","GO:0001836","false","0.015835093657143716","1.8003793636365328","51","368","6","16307","TNFSF10,TRIAP1,BCL2L11,GPX1,PLAUR,PMAIP1"
"GO:BP","regulation of mitochondrion organization","GO:0010821","false","0.015982205955785055","1.796363277068021","135","368","10","16307","TNFSF10,LRRK2,TRIAP1,PDE2A,STAT2,BCL2L11,GPX1,PLAUR,TREM2,PMAIP1"
"GO:BP","negative regulation of T cell activation","GO:0050868","false","0.016788157782305416","1.774996957755605","91","368","8","16307","LAPTM5,VSIR,CEACAM1,IRF1,PTPN22,CD80,DLG5,ANXA1"
"GO:BP","foam cell differentiation","GO:0090077","false","0.01688860787869417","1.7724061476769877","35","368","5","16307","CD36,ABCA1,STAT1,MSR1,ALOX15B"
"GO:BP","amyloid-beta clearance","GO:0097242","false","0.01688860787869417","1.7724061476769877","35","368","5","16307","CD36,MME,C3,MSR1,TREM2"
"GO:BP","macrophage derived foam cell differentiation","GO:0010742","true","0.01688860787869417","1.7724061476769877","35","368","5","16307","CD36,ABCA1,STAT1,MSR1,ALOX15B"
"GO:BP","leukocyte apoptotic process","GO:0071887","false","0.017157068211654067","1.7655569220981187","71","368","7","16307","FAS,HCAR2,CXCL12,CTSL,NOD2,AXL,ANXA1"
"GO:BP","regulation of pattern recognition receptor signaling pathway","GO:0062207","false","0.017488441257030807","1.7572488974188494","92","368","8","16307","CD36,DDX60,IFI35,IRF1,LILRA4,PTPN22,DHX58,TREM2"
"GO:BP","regulation of interleukin-6 production","GO:0032675","false","0.017488441257030807","1.7572488974188494","114","368","9","16307","SYT11,IFIH1,PTPN22,LILRA5,MYD88,NOD2,C5AR2,TREM2,IL17RA"
"GO:BP","interleukin-6 production","GO:0032635","false","0.017488441257030807","1.7572488974188494","114","368","9","16307","SYT11,IFIH1,PTPN22,LILRA5,MYD88,NOD2,C5AR2,TREM2,IL17RA"
"GO:BP","positive regulation of inflammatory response","GO:0050729","false","0.018371620771948306","1.7358525278932422","115","368","9","16307","PDE2A,IFI35,CASP1,FFAR2,S100A8,LILRA5,TREM2,OSM,IL17RA"
"GO:BP","fibroblast apoptotic process","GO:0044346","false","0.018572067658905136","1.7311397428480115","10","368","3","16307","BTG1,BCL2L11,STK17A"
"GO:BP","mammary gland epithelial cell proliferation","GO:0033598","false","0.018572067658905136","1.7311397428480115","10","368","3","16307","GPX1,BRCA2,EPHA2"
"GO:BP","regulation of apoptotic cell clearance","GO:2000425","false","0.018572067658905136","1.7311397428480115","10","368","3","16307","TGM2,C3,TREM2"
"GO:BP","cellular response to oxidised low-density lipoprotein particle stimulus","GO:0140052","false","0.018572067658905136","1.7311397428480115","10","368","3","16307","CD36,MYD88,TREM2"
"GO:BP","protein autoubiquitination","GO:0051865","true","0.021181274625871514","1.6740479088967928","75","368","7","16307","MDM2,LRRK2,BRCA2,DTX3L,DDB2,TRIM21,RNF19B"
"GO:BP","DNA integrity checkpoint signaling","GO:0031570","false","0.021181274625871514","1.6740479088967928","119","368","9","16307","MDM2,PARP9,TRIAP1,CDKN1A,PLK2,RPS27L,BRCA2,DTX3L,PML"
"GO:BP","extrinsic apoptotic signaling pathway","GO:0097191","false","0.021181274625871514","1.6740479088967928","167","368","11","16307","TNFRSF10C,TNFSF10,FAS,ATF3,GPX1,BLOC1S2,UNC5B,TRAF1,PML,PMAIP1,SP100"
"GO:BP","biological process involved in interaction with host","GO:0051701","false","0.021325044021589558","1.6711100636392813","143","368","10","16307","TRIM38,TRIM5,TRIM22,LY6E,CXCL8,TRIM21,CTSL,AXL,CHMP5,TRIM25"
"GO:BP","negative regulation of leukocyte migration","GO:0002686","true","0.021675643493662074","1.664028000583091","38","368","5","16307","DUSP1,PADI2,CXCL12,C5AR2,GCSAM"
"GO:BP","regulation of lymphocyte migration","GO:2000401","false","0.02204728049206223","1.6566449726419272","56","368","6","16307","PADI2,CXCL12,PTK2B,DOCK8,CCL7,GCSAM"
"GO:BP","cellular response to low-density lipoprotein particle stimulus","GO:0071404","false","0.02217501648181191","1.65413604870222","23","368","4","16307","CD36,ABCA1,MYD88,TREM2"
"GO:BP","induction of positive chemotaxis","GO:0050930","true","0.022520719019546935","1.6474177478687955","11","368","3","16307","CXCL8,CXCL12,PGF"
"GO:BP","positive regulation of NLRP3 inflammasome complex assembly","GO:1900227","false","0.022520719019546935","1.6474177478687955","11","368","3","16307","CD36,GBP5,MYD88"
"GO:BP","reactive oxygen species metabolic process","GO:0072593","true","0.022928126508546535","1.6396314306709066","170","368","11","16307","CD36,FBLN5,LRRK2,SESN1,CDKN1A,GPX1,STK17A,GPX3,BST1,PDK4,PMAIP1"
"GO:BP","protein K63-linked ubiquitination","GO:0070534","true","0.023552620885243375","1.6279607584855598","57","368","6","16307","TRIM5,PTPN22,TRIM21,NOD2,TRAF1,TRIM56"
"GO:BP","cell cycle checkpoint signaling","GO:0000075","false","0.02458526814798149","1.6093250505605754","172","368","11","16307","MDM2,PARP9,TRIAP1,CDKN1A,KNTC1,PLK2,RPS27L,DUSP1,BRCA2,DTX3L,PML"
"GO:BP","response to lipoprotein particle","GO:0055094","false","0.025166515854244016","1.599176905628191","24","368","4","16307","CD36,ABCA1,MYD88,TREM2"
"GO:BP","cellular response to UV","GO:0034644","true","0.026583622692525486","1.5753858357271269","79","368","7","16307","MME,PCNA,XPC,TRIAP1,CDKN1A,CARD16,DDB2"
"GO:BP","regulation of mononuclear cell migration","GO:0071675","false","0.026615037238326124","1.5748729218493613","101","368","8","16307","DUSP1,PADI2,CXCL12,PTK2B,DOCK8,CCL7,GCSAM,CSF1R"
"GO:BP","negative regulation of G1/S transition of mitotic cell cycle","GO:2000134","false","0.02706787702453972","1.5675458052817093","59","368","6","16307","MDM2,TRIAP1,CDKN1A,PLK2,RPS27L,PML"
"GO:BP","regulation of membrane invagination","GO:1905153","false","0.027361460300667103","1.5628607277268676","12","368","3","16307","ALOX15,C3,TREM2"
"GO:BP","antigen processing and presentation of endogenous peptide antigen via MHC class I","GO:0019885","true","0.027361460300667103","1.5628607277268676","12","368","3","16307","ERAP2,TAP1,TAP2"
"GO:BP","ribonucleoside catabolic process","GO:0042454","false","0.027361460300667103","1.5628607277268676","12","368","3","16307","APOBEC3C,ADA,APOBEC3G"
"GO:BP","regulation of phagocytosis, engulfment","GO:0060099","false","0.027361460300667103","1.5628607277268676","12","368","3","16307","ALOX15,C3,TREM2"
"GO:BP","negative regulation of cell activation","GO:0050866","false","0.027401552997730238","1.562224822609114","150","368","10","16307","SYT11,LAPTM5,VSIR,CEACAM1,IRF1,PTPN22,CD80,TREM2,DLG5,ANXA1"
"GO:BP","negative regulation of antigen receptor-mediated signaling pathway","GO:0050858","false","0.027775806827719865","1.556333316879","25","368","4","16307","GBP1,LAPTM5,CEACAM1,PTPN22"
"GO:BP","cellular response to lipoprotein particle stimulus","GO:0071402","false","0.027775806827719865","1.556333316879","25","368","4","16307","CD36,ABCA1,MYD88,TREM2"
"GO:BP","mammary gland epithelium development","GO:0061180","false","0.027775806827719865","1.556333316879","25","368","4","16307","GPX1,BRCA2,EPHA2,CSF1R"
"GO:BP","anatomical structure maturation","GO:0071695","true","0.027909033840762824","1.5542551977244865","126","368","9","16307","TDRD7,C3,LRRK2,CABYR,ANG,XYLT1,ACVRL1,SLC24A4,AXL"
"GO:BP","lymphocyte migration","GO:0072676","false","0.02852382415620341","1.544792249556474","103","368","8","16307","CCL26,PIK3CG,PADI2,CXCL12,PTK2B,DOCK8,CCL7,GCSAM"
"GO:BP","phospholipid translocation","GO:0045332","true","0.02976349110231837","1.526316129660099","42","368","5","16307","ABCA1,TRIAP1,PLSCR1,TMEM30A,XKR8"
"GO:BP","tumor necrosis factor-mediated signaling pathway","GO:0033209","false","0.030356917373167733","1.5177423314522507","82","368","7","16307","LAPTM5,STAT1,CASP1,CARD16,PTK2B,H2BC11,TRAF1"
"GO:BP","regulation of endothelial cell differentiation","GO:0045601","true","0.03076412414519017","1.5119554447666075","26","368","4","16307","BTG1,CEACAM1,ATOH8,ZEB1"
"GO:BP","positive regulation of release of cytochrome c from mitochondria","GO:0090200","false","0.03076412414519017","1.5119554447666075","26","368","4","16307","TNFSF10,BCL2L11,PLAUR,PMAIP1"
"GO:BP","peptide catabolic process","GO:0043171","false","0.03076412414519017","1.5119554447666075","26","368","4","16307","MME,ERAP2,GGT1,ECE1"
"GO:BP","response to UV","GO:0009411","false","0.031169604026709017","1.5062687148905514","129","368","9","16307","MME,POLH,PCNA,XPC,TRIAP1,CDKN1A,CARD16,GPX1,DDB2"
"GO:BP","interleukin-8 production","GO:0032637","false","0.03162897466234317","1.4999148866711929","83","368","7","16307","FFAR2,CD244,PTPN22,MYD88,NOD2,C5AR2,ANXA1"
"GO:BP","regulation of interleukin-8 production","GO:0032677","false","0.03162897466234317","1.4999148866711929","83","368","7","16307","FFAR2,CD244,PTPN22,MYD88,NOD2,C5AR2,ANXA1"
"GO:BP","response to muramyl dipeptide","GO:0032495","false","0.03218033242267033","1.4924094739540275","13","368","3","16307","PTPN22,NOD2,CHMP5"
"GO:BP","positive regulation of apoptotic signaling pathway","GO:2001235","false","0.03220363917375013","1.4920950480627315","84","368","7","16307","TNFSF10,FAS,ATF3,BCL2L11,S100A8,PML,PMAIP1"
"GO:BP","regulation of intrinsic apoptotic signaling pathway","GO:2001242","false","0.03220363917375013","1.4920950480627315","131","368","9","16307","MDM2,LRRK2,TRIAP1,BCL2L11,S100A8,PLAUR,CXCL12,TREM2,PMAIP1"
"GO:BP","regulation of calcium-mediated signaling","GO:0050848","false","0.03220363917375013","1.4920950480627315","63","368","6","16307","GBP1,LRRK2,ATP2B4,SLC24A4,TREM2,BST1"
"GO:BP","regulation of phagocytosis","GO:0050764","false","0.03220363917375013","1.4920950480627315","84","368","7","16307","SYT11,TGM2,ALOX15,C3,PLSCR1,SIRPB1,TREM2"
"GO:BP","homeostasis of number of cells","GO:0048872","false","0.033183230425423274","1.4790813371891858","132","368","9","16307","FAS,STAT1,GAPT,HCAR2,PDE4B,ANXA1,PMAIP1,XKR8,HIPK2"
"GO:BP","extrinsic apoptotic signaling pathway via death domain receptors","GO:0008625","false","0.034009300042306644","1.4684023063469607","64","368","6","16307","TNFRSF10C,ATF3,GPX1,BLOC1S2,PMAIP1,SP100"
"GO:BP","negative regulation of leukocyte activation","GO:0002695","false","0.03442390408523587","1.4631398769914672","133","368","9","16307","SYT11,LAPTM5,VSIR,CEACAM1,IRF1,PTPN22,CD80,DLG5,ANXA1"
"GO:BP","icosanoid metabolic process","GO:0006690","false","0.03484868692634402","1.4578135811638626","109","368","8","16307","ALOX15,CASP1,GGT1,GPX1,ALOX15B,HPGDS,CYP2U1,ANXA1"
"GO:BP","lipid translocation","GO:0034204","false","0.03521662685754571","1.4532522442605682","45","368","5","16307","ABCA1,TRIAP1,PLSCR1,TMEM30A,XKR8"
"GO:BP","DNA demethylation","GO:0080111","false","0.03605571128915046","1.4430259324728794","28","368","4","16307","APOBEC3C,APOBEC3A,APOBEC3G,APOBEC3F"
"GO:BP","negative regulation of cell cycle G1/S phase transition","GO:1902807","false","0.0361056136635465","1.4424252691867483","65","368","6","16307","MDM2,TRIAP1,CDKN1A,PLK2,RPS27L,PML"
"GO:BP","negative regulation of lymphocyte activation","GO:0051250","false","0.03652943298584986","1.4373570689057327","110","368","8","16307","LAPTM5,VSIR,CEACAM1,IRF1,PTPN22,CD80,DLG5,ANXA1"
"GO:BP","negative regulation of tumor necrosis factor production","GO:0032720","false","0.03835335607266664","1.416196627541114","46","368","5","16307","SYT11,VSIR,LILRA4,PTPN22,C5AR2"
"GO:BP","regulation of extrinsic apoptotic signaling pathway","GO:2001236","false","0.03835335607266664","1.416196627541114","111","368","8","16307","TNFSF10,ATF3,GPX1,UNC5B,TRAF1,PML,PMAIP1,SP100"
"GO:BP","regulation of stress-activated MAPK cascade","GO:0032872","false","0.03952401142996363","1.403138983783632","162","368","10","16307","MAP4K4,EIF2AK2,FAS,DUSP1,PTPN22,PTK2B,NOD2,TREM2,TRAF1,HIPK2"
"GO:BP","regulation of stress-activated protein kinase signaling cascade","GO:0070302","false","0.042729340585660726","1.3692738093175703","164","368","10","16307","MAP4K4,EIF2AK2,FAS,DUSP1,PTPN22,PTK2B,NOD2,TREM2,TRAF1,HIPK2"
"GO:BP","regulation of cell-substrate adhesion","GO:0010810","false","0.042729340585660726","1.3692738093175703","164","368","10","16307","CD36,MAP4K4,ALOX15,GBP1,ACER2,MELTF,ACVRL1,PTK2B,S100A10,BST1"
"GO:BP","regulation of myeloid cell apoptotic process","GO:0033032","false","0.0435261064749348","1.3612501798924082","15","368","3","16307","HCAR2,NOD2,ANXA1"
"GO:BP","cellular biogenic amine catabolic process","GO:0042402","false","0.0435261064749348","1.3612501798924082","15","368","3","16307","ALDH7A1,MAOA,SLC44A1"
"GO:BP","suppression of viral release by host","GO:0044790","false","0.0435261064749348","1.3612501798924082","15","368","3","16307","TRIM5,TRIM21,PML"
"GO:BP","DNA damage response, signal transduction by p53 class mediator resulting in transcription of p21 class mediator","GO:0006978","false","0.0435261064749348","1.3612501798924082","15","368","3","16307","RPS27L,SP100,HIPK2"
"GO:BP","T cell proliferation","GO:0042098","false","0.04399278960150038","1.3566184983521579","139","368","9","16307","TNFSF9,VSIR,PIK3CG,IRF1,PTPN22,CD80,DOCK8,DLG5,ANXA1"
"GO:BP","positive regulation of chemotaxis","GO:0050921","false","0.04399278960150038","1.3566184983521579","114","368","8","16307","CCL26,CXCL8,CXCL12,PTK2B,PGF,TREM2,CCL7,CSF1R"
"GO:BP","regulation of interleukin-2 production","GO:0032663","false","0.04430092737886011","1.353587182325328","48","368","5","16307","GBP1,LAPTM5,PDE4B,CD80,ANXA1"
"GO:BP","interleukin-2 production","GO:0032623","false","0.04430092737886011","1.353587182325328","48","368","5","16307","GBP1,LAPTM5,PDE4B,CD80,ANXA1"
"GO:BP","cell surface pattern recognition receptor signaling pathway","GO:0002752","false","0.04430092737886011","1.353587182325328","48","368","5","16307","OAS1,IFI35,FFAR2,PTPN22,TREM2"
"GO:BP","mammary gland development","GO:0030879","false","0.04430092737886011","1.353587182325328","48","368","5","16307","GPX1,BRCA2,EPHA2,PML,CSF1R"
"GO:BP","negative regulation of tumor necrosis factor superfamily cytokine production","GO:1903556","false","0.04430092737886011","1.353587182325328","48","368","5","16307","SYT11,VSIR,LILRA4,PTPN22,C5AR2"
"GO:BP","cellular response to mechanical stimulus","GO:0071260","false","0.04430092737886011","1.353587182325328","48","368","5","16307","FAS,PDE2A,CASP1,IRF1,MYD88"
"GO:BP","receptor signaling pathway via JAK-STAT","GO:0007259","true","0.047573041804739036","1.3226390790451206","141","368","9","16307","PARP9,IL7R,STAT1,PARP14,STAT2,PTK2B,IL10RA,OSM,CSF1R"
"GO:BP","apoptotic mitochondrial changes","GO:0008637","false","0.047884477912744756","1.3198052433562306","92","368","7","16307","TNFSF10,TRIAP1,BCL2L11,GPX1,PLAUR,BLOC1S2,PMAIP1"
"GO:BP","macrophage colony-stimulating factor signaling pathway","GO:0038145","false","0.048055740059006945","1.3182547302209355","5","368","2","16307","TREM2,CSF1R"
"GO:BP","PML body organization","GO:0030578","true","0.048055740059006945","1.3182547302209355","5","368","2","16307","PML,HIPK2"
"GO:BP","lipoxin metabolic process","GO:2001300","false","0.048055740059006945","1.3182547302209355","5","368","2","16307","ALOX15,ALOX15B"
"GO:BP","regulation of natural killer cell differentiation","GO:0032823","true","0.048055740059006945","1.3182547302209355","5","368","2","16307","PRDM1,AXL"
"GO:BP","mammary gland duct morphogenesis","GO:0060603","false","0.048055740059006945","1.3182547302209355","5","368","2","16307","EPHA2,CSF1R"
"GO:BP","neutrophil apoptotic process","GO:0001781","false","0.048055740059006945","1.3182547302209355","5","368","2","16307","HCAR2,ANXA1"
"GO:BP","positive regulation of protein-containing complex assembly","GO:0031334","false","0.04825025048763013","1.316500427706444","168","368","10","16307","CD36,ABCA1,ALOX15,CCL26,BCL2L11,GBP5,MYD88,PTK2B,CDC42EP4,RHOC"
"GO:BP","regulation of macrophage derived foam cell differentiation","GO:0010743","false","0.0487845288707699","1.3117178847872384","31","368","4","16307","CD36,ABCA1,MSR1,ALOX15B"
"GO:BP","stress-activated MAPK cascade","GO:0051403","false","0.04916266056990897","1.3083646221329408","196","368","11","16307","MAP4K4,EIF2AK2,FAS,LRRK2,DUSP1,PTPN22,PTK2B,NOD2,TREM2,TRAF1,HIPK2"
"GO:BP","DNA damage response, signal transduction resulting in transcription","GO:0042772","false","0.04983541738501607","1.302461900054786","16","368","3","16307","RPS27L,SP100,HIPK2"
"GO:BP","regulation of cholesterol storage","GO:0010885","true","0.04983541738501607","1.302461900054786","16","368","3","16307","ABCA1,MSR1,TREM2"
"GO:BP","nucleoside catabolic process","GO:0009164","false","0.04983541738501607","1.302461900054786","16","368","3","16307","APOBEC3C,ADA,APOBEC3G"
"KEGG","p53 signaling pathway","KEGG:04115","false","0.00015730381311491795","3.8032607497562663","73","222","12","8091","MDM2,FAS,SESN1,ZMAT3,CDKN1A,RRM2B,PPM1D,TP53I3,SHISA5,CD82,DDB2,PMAIP1"
"KEGG","Viral protein interaction with cytokine and cytokine receptor","KEGG:04061","false","0.001897988743847566","2.721706367514303","98","222","12","8091","CCL26,TNFRSF10C,TNFSF10,XCR1,TNFRSF10D,CXCR1,CXCL8,CXCL12,IL10RA,CCL7,CSF1R,IL24"
"KEGG","NOD-like receptor signaling pathway","KEGG:04621","false","0.012562096410012626","1.9009378778499673","182","222","15","8091","GBP1,CAMP,STAT1,OAS1,MEFV,GBP4,CASP1,STAT2,CARD16,GBP5,GBP2,CXCL8,MYD88,NOD2,OAS3"
"KEGG","Influenza A","KEGG:05164","false","0.014036661945753422","1.8527361593644829","168","222","14","8091","ADAR,EIF2AK2,IFIH1,TNFSF10,FAS,STAT1,OAS1,CASP1,STAT2,CXCL8,MYD88,OAS3,PML,TRIM25"
"KEGG","Viral life cycle - HIV-1","KEGG:03250","false","0.014797186858662667","1.8298208418946345","62","222","8","8091","APOBEC3C,APOBEC3A,TRIM5,ELL2,APOBEC3G,APOBEC3F,SAMHD1,BST2"
"KEGG","Epstein-Barr virus infection","KEGG:05169","false","0.04220960284449921","1.3745887341581695","198","222","14","8091","MDM2,EIF2AK2,FAS,STAT1,CCNA1,CDKN1A,OAS1,STAT2,TAP1,BCL2L11,TAP2,DDB2,MYD88,OAS3"
"REAC","Interferon Signaling","REAC:R-HSA-913531","false","2.9558749927661015e-7","6.52931393668447","192","274","23","10777","ADAR,EIF2AK2,TRIM38,GBP1,STAT1,OAS1,IFI35,GBP4,STAT2,TRIM5,IFIT5,TRIM22,IRF1,GBP5,HERC5,GBP2,TRIM21,SAMHD1,OAS3,PML,SP100,BST2,TRIM25"
"REAC","Interferon gamma signaling","REAC:R-HSA-877300","false","0.000007679184378912614","5.114684904779438","86","274","14","10777","TRIM38,GBP1,OAS1,GBP4,TRIM5,TRIM22,IRF1,GBP5,GBP2,TRIM21,OAS3,PML,SP100,TRIM25"
"REAC","Interferon alpha/beta signaling","REAC:R-HSA-909733","false","0.0003197636154107155","3.495170954365017","71","274","11","10777","ADAR,STAT1,OAS1,IFI35,STAT2,IFIT5,IRF1,GBP2,SAMHD1,OAS3,BST2"
"REAC","TP53 Regulates Transcription of Cell Death Genes","REAC:R-HSA-5633008","false","0.002164514894253592","2.664639421414746","44","274","8","10777","TNFRSF10C,FAS,TRIAP1,CASP1,TP53I3,TP53INP1,TNFRSF10D,PMAIP1"
"REAC","Synthesis of 15-eicosatetraenoic acid derivatives","REAC:R-HSA-2142770","false","0.04241833250510249","1.3724464079096619","6","274","3","10777","ALOX15,GPX1,ALOX15B"
"WP","p53 transcriptional gene network","WP:WP4963","false","0.0000021258225666286504","5.672472987013973","96","216","16","7899","POLH,PCNA,XPC,FAS,SESN1,ZMAT3,CDKN1A,RRM2B,TP53I3,TP53INP1,TNFRSF10D,GPX1,DDB2,BTG2,PML,PMAIP1"
"WP","Immune response to tuberculosis","WP:WP4197","false","0.0026402195447505746","2.5783599583160206","23","216","6","7899","STAT1,OAS1,IFI35,STAT2,TAP1,IRF1"
"WP","Type I interferon induction and signaling during SARS-CoV-2 infection","WP:WP4868","false","0.0026402195447505746","2.5783599583160206","31","216","7","7899","EIF2AK2,IFIH1,STAT1,OAS1,STAT2,MYD88,OAS3"
"WP","Host-pathogen interaction of human coronaviruses - interferon induction","WP:WP4880","false","0.0026402195447505746","2.5783599583160206","33","216","7","7899","EIF2AK2,IFIH1,STAT1,OAS1,STAT2,MYD88,OAS3"
"WP","Type II interferon signaling","WP:WP619","false","0.004205756876927248","2.376155836276589","37","216","7","7899","EIF2AK2,GBP1,STAT1,OAS1,STAT2,TAP1,IRF1"
"WP","DNA damage response","WP:WP707","false","0.0360935042939856","1.4425709505351558","69","216","8","7899","MDM2,FAS,SESN1,CDKN1A,RRM2B,DDB2,PML,PMAIP1"
"WP","Pathways of nucleic acid metabolism and innate immune sensing","WP:WP4705","false","0.04322561986003745","1.3642587701798092","16","216","4","7899","ADAR,IFIH1,OAS1,SAMHD1"
